feature,importance
Credit_History,0.4206709843693575
ApplicantIncome,0.2119983281466881
Total_Income,0.07836614524146694
CoapplicantIncome,0.06801720011148947
LoanAmount,0.0627348022077455
DTI_Ratio,0.0553024163958158
Loan_to_Income,0.054982435732405174
Dependents,0.01655863633116227
Loan_Amount_Term,0.013701228505678018
Property_Area,0.01368631868233281
Self_Employed,0.00398150427585856
